{
  "project_info": {
    "project_number": "635375143378",
    "firebase_url": "https://pulttaxi-223112.firebaseio.com",
    "project_id": "pulttaxi-223112",
    "storage_bucket": "pulttaxi-223112.appspot.com"
  },
  "client": [
    {
      "client_info": {
        "mobilesdk_app_id": "1:635375143378:android:ddc06428a311a8a8a0200b",
        "android_client_info": {
          "package_name": "app.pollycabcar.driver"
        }
      },
      "oauth_client": [
        {
          "client_id": "635375143378-gj59kv8jtksbkm8u8p6o5afgds32948s.apps.googleusercontent.com",
          "client_type": 3
        }
      ],
      "api_key": [
        {
          "current_key": "AIzaSyCrnY98L2LQ1pF1hX-WcaQbtrmXPIhD7RQ"
        }
      ],
      "services": {
        "appinvite_service": {
          "other_platform_oauth_client": [
            {
              "client_id": "635375143378-gj59kv8jtksbkm8u8p6o5afgds32948s.apps.googleusercontent.com",
              "client_type": 3
            },
            {
              "client_id": "635375143378-ja0mthqsjan6tuvnsikiskhcq2oi8ncp.apps.googleusercontent.com",
              "client_type": 2,
              "ios_info": {
                "bundle_id": "com.qosoba.globaxi"
              }
            }
          ]
        }
      }
    },
    {
      "client_info": {
        "mobilesdk_app_id": "1:635375143378:android:a4db5c0190424c1c",
        "android_client_info": {
          "package_name": "app.pulttaxi.client"
        }
      },
      "oauth_client": [
        {
          "client_id": "635375143378-gj59kv8jtksbkm8u8p6o5afgds32948s.apps.googleusercontent.com",
          "client_type": 3
        }
      ],
      "api_key": [
        {
          "current_key": "AIzaSyCrnY98L2LQ1pF1hX-WcaQbtrmXPIhD7RQ"
        }
      ],
      "services": {
        "appinvite_service": {
          "other_platform_oauth_client": [
            {
              "client_id": "635375143378-gj59kv8jtksbkm8u8p6o5afgds32948s.apps.googleusercontent.com",
              "client_type": 3
            },
            {
              "client_id": "635375143378-ja0mthqsjan6tuvnsikiskhcq2oi8ncp.apps.googleusercontent.com",
              "client_type": 2,
              "ios_info": {
                "bundle_id": "com.qosoba.globaxi"
              }
            }
          ]
        }
      }
    },
    {
      "client_info": {
        "mobilesdk_app_id": "1:635375143378:android:6a3f2217d17864c3",
        "android_client_info": {
          "package_name": "app.pulttaxi.driver"
        }
      },
      "oauth_client": [
        {
          "client_id": "635375143378-gj59kv8jtksbkm8u8p6o5afgds32948s.apps.googleusercontent.com",
          "client_type": 3
        }
      ],
      "api_key": [
        {
          "current_key": "AIzaSyCrnY98L2LQ1pF1hX-WcaQbtrmXPIhD7RQ"
        }
      ],
      "services": {
        "appinvite_service": {
          "other_platform_oauth_client": [
            {
              "client_id": "635375143378-gj59kv8jtksbkm8u8p6o5afgds32948s.apps.googleusercontent.com",
              "client_type": 3
            },
            {
              "client_id": "635375143378-ja0mthqsjan6tuvnsikiskhcq2oi8ncp.apps.googleusercontent.com",
              "client_type": 2,
              "ios_info": {
                "bundle_id": "com.qosoba.globaxi"
              }
            }
          ]
        }
      }
    },
    {
      "client_info": {
        "mobilesdk_app_id": "1:635375143378:android:a9244c078c63e0b7",
        "android_client_info": {
          "package_name": "app.simpletaxi.client"
        }
      },
      "oauth_client": [
        {
          "client_id": "635375143378-gj59kv8jtksbkm8u8p6o5afgds32948s.apps.googleusercontent.com",
          "client_type": 3
        }
      ],
      "api_key": [
        {
          "current_key": "AIzaSyCrnY98L2LQ1pF1hX-WcaQbtrmXPIhD7RQ"
        }
      ],
      "services": {
        "appinvite_service": {
          "other_platform_oauth_client": [
            {
              "client_id": "635375143378-gj59kv8jtksbkm8u8p6o5afgds32948s.apps.googleusercontent.com",
              "client_type": 3
            },
            {
              "client_id": "635375143378-ja0mthqsjan6tuvnsikiskhcq2oi8ncp.apps.googleusercontent.com",
              "client_type": 2,
              "ios_info": {
                "bundle_id": "com.qosoba.globaxi"
              }
            }
          ]
        }
      }
    },
    {
      "client_info": {
        "mobilesdk_app_id": "1:635375143378:android:6bbc628326b36479",
        "android_client_info": {
          "package_name": "app.simpletaxi.driver"
        }
      },
      "oauth_client": [
        {
          "client_id": "635375143378-gj59kv8jtksbkm8u8p6o5afgds32948s.apps.googleusercontent.com",
          "client_type": 3
        }
      ],
      "api_key": [
        {
          "current_key": "AIzaSyCrnY98L2LQ1pF1hX-WcaQbtrmXPIhD7RQ"
        }
      ],
      "services": {
        "appinvite_service": {
          "other_platform_oauth_client": [
            {
              "client_id": "635375143378-gj59kv8jtksbkm8u8p6o5afgds32948s.apps.googleusercontent.com",
              "client_type": 3
            },
            {
              "client_id": "635375143378-ja0mthqsjan6tuvnsikiskhcq2oi8ncp.apps.googleusercontent.com",
              "client_type": 2,
              "ios_info": {
                "bundle_id": "com.qosoba.globaxi"
              }
            }
          ]
        }
      }
    },
    {
      "client_info": {
        "mobilesdk_app_id": "1:635375143378:android:6780b027e610097ea0200b",
        "android_client_info": {
          "package_name": "com.qosoba.globaxi"
        }
      },
      "oauth_client": [
        {
          "client_id": "635375143378-gj59kv8jtksbkm8u8p6o5afgds32948s.apps.googleusercontent.com",
          "client_type": 3
        }
      ],
      "api_key": [
        {
          "current_key": "AIzaSyCrnY98L2LQ1pF1hX-WcaQbtrmXPIhD7RQ"
        }
      ],
      "services": {
        "appinvite_service": {
          "other_platform_oauth_client": [
            {
              "client_id": "635375143378-gj59kv8jtksbkm8u8p6o5afgds32948s.apps.googleusercontent.com",
              "client_type": 3
            },
            {
              "client_id": "635375143378-ja0mthqsjan6tuvnsikiskhcq2oi8ncp.apps.googleusercontent.com",
              "client_type": 2,
              "ios_info": {
                "bundle_id": "com.qosoba.globaxi"
              }
            }
          ]
        }
      }
    },
    {
      "client_info": {
        "mobilesdk_app_id": "1:635375143378:android:c98ecd12bb3bb8a2a0200b",
        "android_client_info": {
          "package_name": "ru.globaxi.driver"
        }
      },
      "oauth_client": [
        {
          "client_id": "635375143378-gj59kv8jtksbkm8u8p6o5afgds32948s.apps.googleusercontent.com",
          "client_type": 3
        }
      ],
      "api_key": [
        {
          "current_key": "AIzaSyCrnY98L2LQ1pF1hX-WcaQbtrmXPIhD7RQ"
        }
      ],
      "services": {
        "appinvite_service": {
          "other_platform_oauth_client": [
            {
              "client_id": "635375143378-gj59kv8jtksbkm8u8p6o5afgds32948s.apps.googleusercontent.com",
              "client_type": 3
            },
            {
              "client_id": "635375143378-ja0mthqsjan6tuvnsikiskhcq2oi8ncp.apps.googleusercontent.com",
              "client_type": 2,
              "ios_info": {
                "bundle_id": "com.qosoba.globaxi"
              }
            }
          ]
        }
      }
    }
  ],
  "configuration_version": "1"
}